<streamingsources>

<source>
<id>generic</id>
<shortname>Of</shortname>
<sname>Official</sname>
<colour>FF8B008B</colour>
<baseurl>http://website.com</baseurl>
<enabled>True</enabled>
<urlfile>OfficialUrls.xml</urlfile>
<imageurl>http://mylogo.com</imageurl>
<processor>genericPlayer.py</processor>
</source>

<source>
<id>generic</id>
<shortname>Of</shortname>
<sname>Haithem</sname>
<colour>008000</colour>
<enabled>True</enabled>
<urlfile>MyList.xml</urlfile>
<processor>genericPlayer.py</processor>
</source>
</streamingsources>

